Agency,Abbrev.,Name,Position,Party,Ref,Term Status,Term Expires,Must Vacate Seat By,Nomination Status,Latest Action,Dated Received from President,Replaced/ Replacing,Additional Notes
Chemical Safety and Hazard Investigation Board,CSHIB,Kristen Kulinowski,Acting Chair,N/A,PN30,Current,8/10/2020,8/10/2020,Confirmed by the Senate by Voice Vote.,8/5/2015,1/8/2015,Beth J. Rosenberg,
Chemical Safety and Hazard Investigation Board,CSHIB,Manuel Hehrlich,Member,N/A,PN1370,Current,12/21/2019,12/21/2019,Confirmed by the Senate by Voice Vote.,12/16/2014,1/30/2014,John S. Bresland,
Chemical Safety and Hazard Investigation Board,CSHIB,Richard Engler,Member,N/A,PN1083,Current,2/4/2020,2/4/2020,Confirmed by the Senate by Voice Vote.,12/16/2014,1/6/2014,William E. Wright,
Chemical Safety and Hazard Investigation Board,CSHIB,Vacant,Member,N/A,,Vacant,,,,,,,
Chemical Safety and Hazard Investigation Board,CSHIB,Vacant,Member,N/A,,Vacant,,,,,,,
Commodity Futures Trading Commission,CFTC,J. Christopher Giancarlo,Chair,Republican,PN402,Current,4/13/2019,NCS,Confirmed by the Senate by Voice Vote.,8/3/2017,5/10/2017,Timothy G. Massad,
Commodity Futures Trading Commission,CFTC,Rostin Behnam,Commissioner,Democrat,PN746,Current,6/19/2021,NCS,Confirmed by the Senate by Voice Vote.,8/3/2017,7/13/2017,Mark P. Wetjen,
Commodity Futures Trading Commission,CFTC,Dan Michael Berkovitz,Commissioner,Democrat,PN1858,Current,4/13/2023,NCS,Confirmed by the Senate by Voice Vote.,8/28/2018,4/24/2018,Sharon Y. Bowen,
Commodity Futures Trading Commission,CFTC,Brian Quintenz,Commissioner,Republican,PN456,Current,4/13/2020,NCS,Confirmed by the Senate by Voice Vote.,8/3/2017,5/16/2017,Scott O'Malia,
Commodity Futures Trading Commission,CFTC,Dawn DeBerry Stump,Commissioner,Republican,PN594,Current,4/13/2022,NCS,Confirmed by the Senate by Voice Vote.,8/28/2018,6/12/2017,Timothy G. Massad,
Consumer Financial Protection Bureau,CFPB,Kathleen Kraninger,Director,Republican,PN2170,Current,12/6/2023,,Confirmed by the Senate by Yea-Nay Vote. 50 - 49. Record Vote Number: 255.,12/6/2018,6/20/2018,Richard Cordray,Republican appointee replacing Democratic appointee
Consumer Product Safety Commission,CPSC,Ann Marie Buerkle,Commissioner,Republican,PN1360,Pending,10/17/2025,10/17/2026,Placed on Senate Executive Calendar. Calendar No. 610. Subject to nominee's commitment to respond to requests to appear and testify before any duly constituted committee of the Senate.,1/18/2018,1/8/2018,Ann Marie Buerkle,https://www.cpsc.gov/PageFiles/105435/cpsa.pdf
Consumer Product Safety Commission,CPSC,Ann Marie Buerkle,Chair,Republican,PN1361,Pending,10/17/2025,10/17/2026,Placed on Senate Executive Calendar. Calendar No. 610. Subject to nominee's commitment to respond to requests to appear and testify before any duly constituted committee of the Senate.,1/18/2018,1/8/2018,Elliot F. Kaye,
Consumer Product Safety Commission,CPSC,Ann Marie Buerkle,Chair,Republican,PN500,Expired,10/26/2018,10/26/2019,Confirmed by the Senate by Voice Vote.,6/27/2013,5/23/2013,Anne M. Northup,
Consumer Product Safety Commission,CPSC,Elliot F. Kaye,Commissioner,Democrat,PN1533,Current,10/21/2020,10/21/2021,Confirmed by the Senate by Voice Vote.,7/28/2014,3/31/2014,Inez Moore Tenenbaum,
Consumer Product Safety Commission,CPSC,Robert Adler,Commissioner,Democrat,PN1705,Current,10/26/2021,10/26/2022,Confirmed by the Senate by Voice Vote.,12/2/2014,5/15/2014,Robert S. Adler,
Consumer Product Safety Commission,CPSC,Dana Baiocco,Commissioner,Republican,PN1358,Current,10/27/2024,10/27/2025,Confirmed by the Senate by Yea-Nay Vote. 50 - 45. Record Vote Number: 103.,5/22/2018,1/8/2018,Marietta S. Robinson,
Consumer Product Safety Commission,CPSC,Peter Feldman,Commissioner,Republican,PN2073,Current,10/27/2026,10/27/2027,Confirmed by the Senate by Yea-Nay Vote. 51 - 49. Record Vote Number: 217.,9/26/2018,6/7/2018,Peter A. Feldman,
Defense Nuclear Facilities Safety Board,DNFSB,Jessie Hill Roberson,Member,Democrat,PN2553,Pending,10/18/2023,STO,Received in the Senate and referred to the Committee on Armed Services.,10/5/2018,10/5/2018,Jessie Hill Roberson,
Defense Nuclear Facilities Safety Board,DNFSB,Joseph Bruce Hamliton,Member,Republican,PN2552,Pending,10/18/2022,STO,Received in the Senate and referred to the Committee on Armed Services.,10/5/2018,10/5/2018,Daniel J. Santos,Website discrepancy; agency website say he was nominated to be the Chairman
Defense Nuclear Facilities Safety Board,DNFSB,Lisa Vickers,Member,Republican,PN2553,Pending,10/18/2021,STO,Received in the Senate and referred to the Committee on Armed Services.,10/5/2018,10/5/2018,Joseph Bruce Hamliton,
Defense Nuclear Facilities Safety Board,DNFSB,Joseph Bruce Hamilton,Chair,Republican,PN333,Expired,10/18/2016,STO,Confirmed by the Senate by Voice Vote.,8/5/2015,4/13/2015,Kenneth L. Mossman,
Defense Nuclear Facilities Safety Board,DNFSB,Jessie Hill Roberson,Member,Democrat,PN1080,Expired,10/18/2013,STO,Confirmed by the Senate by Voice Vote.,3/19/2010,10/15/2009,A. J. Eggenberger,
Defense Nuclear Facilities Safety Board,DNFSB,Joyce L. Connery,Member,Democrat,PN332,Current,10/18/2019,STO,Confirmed by the Senate by Voice Vote.,8/5/2015,4/13/2015,Peter Stanley Winokur,
Defense Nuclear Facilities Safety Board,DNFSB,Daniel Santos,Member,Democrat,PN1753,Expired,10/18/2017,STO,Confirmed by the Senate by Voice Vote.,12/16/2014,6/5/2014,Joseph F. Bader,
Defense Nuclear Facilities Safety Board,DNFSB,Vacant,Member,Republican,,Vacant,,,,,,,
Election Assistance Commission,EAC,Donald L. Palmer,Member,Republican,PN2284,Pending,12/12/2021,STO,Placed on Senate Executive Calendar. Calendar No. 1198. Subject to nominee's commitment to respond to requests to appear and testify before any duly constituted committee of the Senate.,12/5/2018,7/18/2018,Matthew Vincent Masterson,
Election Assistance Commission,EAC,Benjamin Hovland,Member,Democrat,PN2559,Pending,12/12/2019,STO,Placed on Senate Executive Calendar. Calendar No. 1199. Subject to nominee's commitment to respond to requests to appear and testify before any duly constituted committee of the Senate.,12/5/2018,10/5/2018,Rosemary E. Rodriguez,
Election Assistance Commission,EAC,Thomas Hicks,Acting Chair,Democrat,PN1247,Expired,12/12/2017,STO,Confirmed by the Senate by Voice Vote.,12/16/2014,1/6/2014,Gracia M. Hillman,
Election Assistance Commission,EAC,Vacant,Member,Democrat,PN2559,Vacant,12/12/2019,STO,Received in the Senate and referred to the Committee on Rules and Administration.,10/5/2018,10/5/2018,Rosemary E. Rodriguez,
Election Assistance Commission,EAC,Christy McCormick,Vice Chair,Republican,PN1871,Expired,12/12/2015,STO,Confirmed by the Senate by Voice Vote.,12/16/2014,7/17/2014,Donetta Davidson,
Election Assistance Commission,EAC,Vacant,Member,Republican,PN2284,Vacant,12/12/2021,STO,Received in the Senate and referred to the Committee on Rules and Administration.,7/18/2018,7/18/2018,Matthew Vincent Masterson,
Equal Employment Opportunity Commission,EEOC,Sharon Fast Gustafson,Commissioner,Republican,PN1763,Pending,4 years from confirmation,"An incumbent whose term has expired may continue to serve until a successor is appointed, except that no such member may continue to serve (1) for more than 60 days when Congress is in session, unless a successor has been nominated or (2) after the adjournment of the session of the Senate in which the successor‰Ûªs nomination was submitted.","Committee on Health, Education, Labor, and Pensions. Hearings held.",4/10/2018,3/20/2018,P. David Lopez,
Equal Employment Opportunity Commission,EEOC,Chai Rachel Feldblum,Commissioner,Democrat,PN1318,Pending,7/1/2023,"An incumbent whose term has expired may continue to serve until a successor is appointed, except that no such member may continue to serve (1) for more than 60 days when Congress is in session, unless a successor has been nominated or (2) after the adjournment of the session of the Senate in which the successor‰Ûªs nomination was submitted.","Received in the Senate and referred to the Committee on Health, Education, Labor, and Pensions.",12/11/2017,12/11/2017,Chai Rachel Feldblum,
Equal Employment Opportunity Commission,EEOC,Daniel M. Gade,Commissioner,Republican,PN859,Pending,7/1/2021,"An incumbent whose term has expired may continue to serve until a successor is appointed, except that no such member may continue to serve (1) for more than 60 days when Congress is in session, unless a successor has been nominated or (2) after the adjournment of the session of the Senate in which the successor‰Ûªs nomination was submitted.",Placed on Senate Executive Calendar. Calendar No. 381. Subject to nominee's commitment to respond to requests to appear and testify before any duly constituted committee of the Senate.,10/18/2017,8/2/2017,Constance S. Barker,
Equal Employment Opportunity Commission,EEOC,Victoria A. Lipnic,Acting Chair,Republican,PN746,Current,7/1/2020,"An incumbent whose term has expired may continue to serve until a successor is appointed, except that no such member may continue to serve (1) for more than 60 days when Congress is in session, unless a successor has been nominated or (2) after the adjournment of the session of the Senate in which the successor‰Ûªs nomination was submitted.",Confirmed by the Senate by Voice Vote.,8/3/2017,7/13/2017,Mark P. Wetjen,
Equal Employment Opportunity Commission,EEOC,Chai Rachel Feldblum,Commissioner,Democrat,PN507,Expired,7/1/2018,"An incumbent whose term has expired may continue to serve until a successor is appointed, except that no such member may continue to serve (1) for more than 60 days when Congress is in session, unless a successor has been nominated or (2) after the adjournment of the session of the Senate in which the successor‰Ûªs nomination was submitted.",Confirmed by the Senate by Yea-Nay Vote. 54 - 41. Record Vote Number: 258.,12/12/2013,5/23/2013,Chai Rachel Feldblum,
Equal Employment Opportunity Commission,EEOC,Charlotte A. Burrows,Commissioner,Democrat,PN2028,Current,7/1/2019,"An incumbent whose term has expired may continue to serve until a successor is appointed, except that no such member may continue to serve (1) for more than 60 days when Congress is in session, unless a successor has been nominated or (2) after the adjournment of the session of the Senate in which the successor‰Ûªs nomination was submitted.",Confirmed by the Senate by Yea-Nay Vote. 93 - 2. Record Vote Number: 301.,12/3/2014,9/15/2014,Jacqueline A. Berrien,
Equal Employment Opportunity Commission,EEOC,Vacant,Commissioner,Republican,PN1763,Vacant,4 years from confirmation,"An incumbent whose term has expired may continue to serve until a successor is appointed, except that no such member may continue to serve (1) for more than 60 days when Congress is in session, unless a successor has been nominated or (2) after the adjournment of the session of the Senate in which the successor‰Ûªs nomination was submitted.","Committee on Health, Education, Labor, and Pensions. Hearings held.",4/10/2018,3/20/2018,P. David Lopez,
Equal Employment Opportunity Commission,EEOC,Vacant,Commissioner,Republican,PN859,Vacant,7/1/2021,"An incumbent whose term has expired may continue to serve until a successor is appointed, except that no such member may continue to serve (1) for more than 60 days when Congress is in session, unless a successor has been nominated or (2) after the adjournment of the session of the Senate in which the successor‰Ûªs nomination was submitted.",Placed on Senate Executive Calendar. Calendar No. 381. Subject to nominee's commitment to respond to requests to appear and testify before any duly constituted committee of the Senate.,10/18/2017,8/2/2017,Constance S. Barker,
Export-Import Bank of the United States,EIB,Claudia Slacik,Member,Democrat,PN1072,Pending,1/20/2019,,Placed on Senate Executive Calendar. Calendar No. 583. Subject to nominee's commitment to respond to requests to appear and testify before any duly constituted committee of the Senate.,12/19/2017,10/3/2017,Sean Robert Mulvaney,https://projects.propublica.org/trump-town/staffers/claudia-slacik
Export-Import Bank of the United States,EIB,Claudia Slacik,Member,Democrat,PN1073,Pending,1/20/2023,,Placed on Senate Executive Calendar. Calendar No. 583. Subject to nominee's commitment to respond to requests to appear and testify before any duly constituted committee of the Senate.,12/19/2017,10/3/2017,Claudia Slacik,https://projects.propublica.org/trump-town/staffers/claudia-slacik
Export-Import Bank of the United States,EIB,Kimberly A. Reed,President,Republican,PN2177,Pending,1/20/2021,,Placed on Senate Executive Calendar. Calendar No. 1065. Subject to nominee's commitment to respond to requests to appear and testify before any duly constituted committee of the Senate.,8/23/2018,6/20/2018,Fred P. Hochberg,https://www.rnla.org/kimberlyareed
Export-Import Bank of the United States,EIB,Spencer Bachus III,Member,Republican,PN1068,Pending,1/20/2019,,Placed on Senate Executive Calendar. Calendar No. 579. Subject to nominee's commitment to respond to requests to appear and testify before any duly constituted committee of the Senate.,12/19/2017,10/3/2017,Patricia M. Loui,"Loui was previous director (and a Democrat?), but he doesn't appear to be replacing her in that capacity."
Export-Import Bank of the United States,EIB,Spencer Bachus III,Member,Republican,PN1069,Pending,1/20/2023,,Placed on Senate Executive Calendar. Calendar No. 580. Subject to nominee's commitment to respond to requests to appear and testify before any duly constituted committee of the Senate.,12/19/2017,10/3/2017,Spencer Bachus III,
Export-Import Bank of the United States,EIB,Judith Delzoppo Pryor,Member,Democrat,PN1070,Pending,1/20/2021,,Placed on Senate Executive Calendar. Calendar No. 581. Subject to nominee's commitment to respond to requests to appear and testify before any duly constituted committee of the Senate.,12/19/2017,10/3/2017,Larry W. Walther,https://www.politico.com/story/2017/06/20/export-import-bank-trump-239777
Export-Import Bank of the United States,EIB,Jeffrey D Gerrish,Acting Chair,Republican,N/A,Temporary,N/A,,N/A,N/A,N/A,,https://thehill.com/policy/finance/384693-trump-taps-ustrs-gerrish-as-acting-head-of-export-import-bank
Export-Import Bank of the United States,EIB,Vacant,Member,Democrat,PN1072,Vacant,1/20/2019,,Placed on Senate Executive Calendar. Calendar No. 583. Subject to nominee's commitment to respond to requests to appear and testify before any duly constituted committee of the Senate.,12/19/2017,10/3/2017,Sean Robert Mulvaney,https://projects.propublica.org/trump-town/staffers/claudia-slacik
Export-Import Bank of the United States,EIB,Vacant,Member,Democrat,PN1070,Vacant,1/20/2021,,Placed on Senate Executive Calendar. Calendar No. 581. Subject to nominee's commitment to respond to requests to appear and testify before any duly constituted committee of the Senate.,12/19/2017,10/3/2017,Larry W. Walther,https://www.politico.com/story/2017/06/20/export-import-bank-trump-239777
Export-Import Bank of the United States,EIB,Vacant,Member,Republican,PN2177,Vacant,1/20/2021,,Placed on Senate Executive Calendar. Calendar No. 1065. Subject to nominee's commitment to respond to requests to appear and testify before any duly constituted committee of the Senate.,8/23/2018,6/20/2018,Fred P. Hochberg,
Export-Import Bank of the United States,EIB,Vacant,Member,Republican,PN1068,Vacant,1/20/2019,,Placed on Senate Executive Calendar. Calendar No. 579. Subject to nominee's commitment to respond to requests to appear and testify before any duly constituted committee of the Senate.,12/19/2017,10/3/2017,Patricia M. Loui,
Farm Credit Administration,FCA,Dallas P. Tonsager,Chair,Democrat,PN93,Current,5/21/2020,STO,Confirmed by the Senate by Voice Vote.,3/9/2015,1/26/2015,Jill Long Thompson,
Farm Credit Administration,FCA,Jeffery S. Hall,Member,Republican,PN40,Expired,10/13/2018,STO,Confirmed by the Senate by Voice Vote.,3/9/2015,1/8/2015,Leland A. Strom,
Farm Credit Administration,FCA,Glen R. Smith,Member,Republican,PN1019,Current,5/21/2022,STO,Confirmed by the Senate by Voice Vote.,12/5/2017,9/14/2017,Kenneth Albert Spearman,
Federal Communications Commission,FCC,Geoffrey Adam Starks,Member,Democrat,PN2050,Pending,7/1/2022,NCS,Placed on Senate Executive Calendar. Calendar No. 940. Subject to nominee's commitment to respond to requests to appear and testify before any duly constituted committee of the Senate.,6/4/2018,6/4/2018,Mignon L. Clyburn,
Federal Communications Commission,FCC,Brendan Carr,Member,Republican,PN1362,Pending,7/1/2023,NCS,Placed on Senate Executive Calendar. Calendar No. 612. Subject to nominee's commitment to respond to requests to appear and testify before any duly constituted committee of the Senate.,1/18/2018,1/8/2018,Brendan Carr,
Federal Communications Commission,FCC,Ajit Pai,Chair,Republican,PN89,Current,7/1/2021,NCS,Confirmed by the Senate by Yea-Nay Vote. 52 - 41. Record Vote Number: 209.,10/2/2017,3/7/2017,Ajit Pai,
Federal Communications Commission,FCC,Jessica Rosenworcel,Member,Democrat,PN600,Current,6/20/2020,NCS,Confirmed by the Senate by Voice Vote.,8/3/2017,6/15/2017,Jessica Rosenworcel,
Federal Communications Commission,FCC,Vacant,Member,Democrat,PN2050,Vacant,7/1/2022,NCS,Placed on Senate Executive Calendar. Calendar No. 940. Subject to nominee's commitment to respond to requests to appear and testify before any duly constituted committee of the Senate.,6/4/2018,6/4/2018,Mignon L. Clyburn,
Federal Communications Commission,FCC,Michael O'Rielly,Member,Republican,PN2092,Current,6/30/2019,NCS,Confirmed by the Senate by Voice Vote.,12/16/2014,11/12/2014,Michael O'Rielly,
Federal Communications Commission,FCC,Brendan Carr,Member,Republican,PN731,Expired,6/30/2018,NCS,Confirmed by the Senate by Voice Vote.,8/3/2017,6/29/2017,Thomas Edgar Wheeler,
Federal Deposit Insurance Commission,FDIC,Jelena McWilliams,Chair,Republican,PN1516,Current,5/24/2023,STO,Confirmed by the Senate by Voice Vote.,1/22/2018,5/24/2018,Thomas Hoenig,
Federal Deposit Insurance Commission,FDIC,Martin J. Gruenberg,Commissioner,Democrat,PN674,Current,12/27/2018,STO,Confirmed by the Senate by Voice Vote.,3/29/2012,6/13/2011,Martin J. Gruenberg,
Federal Deposit Insurance Commission,FDIC,Vacant,Commissioner,Republican,,Vacant,,,,,,,
Federal Election Commission,FEC,James E. Trainor III,Member,Republican,PN1425,Pending,4/30/2023,STO,Received in the Senate and referred to the Committee on Rules and Administration.,1/8/2018,1/8/2018,Matthew S. Petersen,
Federal Election Commission,FEC,Caroline C. Hunter,Chair,Republican,PN1654,Expired,4/30/2013,STO,Confirmed by the Senate by Voice Vote.,6/24/2008,5/6/2008,Michael E. Toner,
Federal Election Commission,FEC,Ellen L. Weintraub,Member,Democrat,PN145,Expired,4/30/2007,STO,Confirmed by the Senate by Voice Vote.,3/18/2003,1/9/2003,Karl J. Sandstrom,
Federal Election Commission,FEC,Vacant,Member,Democrat,,Vacant,,,,,,,
Federal Election Commission,FEC,Matthew S. Petersen,Member,Republican,PN1765,Expired,4/30/2011,STO,Confirmed by the Senate by Voice Vote.,6/24/2008,6/12/2008,Hans von Spakovsky,
Federal Election Commission,FEC,Steven T. Walther,Member,Republican,PN99,Expired,4/30/2009,STO,Confirmed by the Senate by Unanimous Consent Vote.,6/24/2008,1/9/2007,Scott E. Thomas,
Federal Energy Regulatory Commission,FERC,Bernard L. McNamee,Member,Republican,PN2556,Current,6/30/2020,CCS,Confirmed by the Senate by Yea-Nay Vote. 50 - 49. Record Vote Number: 254.,12/6/2018,10/5/2018,Robert F. Powelson,
Federal Energy Regulatory Commission,FERC,Neil Chatterjee,Chair,Republican,PN405,Current,6/30/2021,CCS,Confirmed by the Senate by Voice Vote.,8/3/2017,5/10/2017,Anthony T. Clark,
Federal Energy Regulatory Commission,FERC,Cheryl A. LaFleur,Commissioner,Democrat,PN1643,Current,6/30/2019,CCS,Confirmed by the Senate by Yea-Nay Vote. 90 - 7. Record Vote Number: 225.,7/15/2014,5/5/2014,Cheryl A. LaFleur,
Federal Energy Regulatory Commission,FERC,Richard Glick,Commissioner,Democrat,PN865,Current,6/30/2022,CCS,Confirmed by the Senate by Voice Vote.,11/2/2017,8/2/2017,Colette Dodson Honorable,
Federal Energy Regulatory Commission,FERC,Kevin J. McIntyre,Commissioner,Republican,PN867,Current,6/30/2023,CCS,Confirmed by the Senate by Voice Vote.,11/2/2017,8/2/2017,Kevin J. McIntyre,
Federal Energy Regulatory Commission,FERC,Vacant,Commissioner,Republican,PN2556,Vacant,6/30/2020,CCS,Committee on Energy and Natural Resources. Hearings held.,11/15/2018,10/5/2018,Robert F. Powelson,
Federal Housing Finance Agency,FHFA,Melvin L. Watt,Director,,PN408,Current,12/10/2018,,Confirmed by the Senate by Yea-Nay Vote. 57 - 41. Record Vote Number: 252.,12/10/2013,5/7/2013,New Position,
Federal Housing Finance Agency,FHFA,Laura S. Wertheimer‰ÛÜ,Inspector General,,PN1735,Current,,,Confirmed by the Senate by Voice Vote.,9/17/2014,5/22/2014,Steve A. Linick,
Federal Labor Relations Authority,FLRA,Colleen Duffy Kiko,Chair,Republican,PN922,Current,7/30/2022,NCS,Confirmed by the Senate by Voice Vote.,11/16/2017,9/5/2017,Ernest W. Dubester,https://books.google.com/books?id=ZAE_vOLv3DMC&pg=PA40&lpg=PA40&dq=%22Colleen+Duffy+Kiko%22+%22republican%22&source=bl&ots=hVwWXxMEyR&sig=O5JFA-gGiFVkQZwH0m73pfuopSE&hl=en&sa=X&ved=2ahUKEwjP2quz8NfeAhUPpFkKHSjsCBgQ6AEwBHoECAIQAQ#v=onepage&q=%22Colleen%20Duffy%20Kiko%22%20%22republican%22&f=false
Federal Labor Relations Authority,FLRA,Ernest DuBester,Member,Democrat,PN1076,Current,12/11/2022,NCS,Confirmed by the Senate by Voice Vote.,11/16/2017,10/3/2017,Carol Waller Pope,https://www.americanbar.org/content/dam/aba/events/labor_law/2017/02/fsl/iriye_slides.authcheckdam.pdf
Federal Labor Relations Authority,FLRA,James T. Abbott,Member,Republican,PN921,Current,11/16/2022,NCS,Confirmed by the Senate by Voice Vote.,11/16/2017,9/5/2017,Patrick Pizzella,
Federal Maritime Commission,FMC,L. E. Sola,Commissioner,Republican,PN2642,Pending,6/30/2023,STO,"Received in the Senate and referred to the Committee on Commerce, Science, and Transportation.",11/15/2018,11/15/2018,William P. Doyle,https://www.campaignmoney.com/political/contributions/louis-sola.asp?cycle=16
Federal Maritime Commission,FMC,Daniel B. Maffei,Commissioner,Democrat,PN2641,Pending,6/30/2022,STO,"Received in the Senate and referred to the Committee on Commerce, Science, and Transportation.",11/15/2018,11/15/2018,Daniel B. Maffei,
Federal Maritime Commission,FMC,Michael A. Khouri,Chair,Republican,PN1532,Current,06/31/2021,STO,Confirmed by the Senate by Voice Vote.,4/26/2018,1/25/2018,Julie Simone Brill,
Federal Maritime Commission,FMC,Vacant,Commissioner,Democrat,PN2641,Vacant,6/30/2022,STO,"Received in the Senate and referred to the Committee on Commerce, Science, and Transportation.",11/15/2018,11/15/2018,Daniel B. Maffei,
Federal Maritime Commission,FMC,Vacant,Commissioner,Democrat,,Vacant,,,,,,,
Federal Maritime Commission,FMC,Rebecca F. Dye,Commissioner,Republican,PN1499,Current,6/30/2020,STO,Confirmed by the Senate by Voice Vote.,6/29/2016,5/26/2016,Rebecca F. Dye,
Federal Maritime Commission,FMC,Vacant,Commissioner,Republican,PN2642,Vacant,6/30/2023,STO,"Received in the Senate and referred to the Committee on Commerce, Science, and Transportation.",11/15/2018,11/15/2018,William P. Doyle,https://www.campaignmoney.com/political/contributions/louis-sola.asp?cycle=16
Federal Mine Safety and Health Review Commission,FMSHRC,Marco M. Rajkovich Jr.,Member,N/A,PN1389,Pending,8/30/2022,8/30/2022,Placed on Senate Executive Calendar. Calendar No. 727. Subject to nominee's commitment to respond to requests to appear and testify before any duly constituted committee of the Senate.,3/14/2018,1/8/2018,Patrick K. Nakamura,
Federal Mine Safety and Health Review Commission,FMSHRC,William I. Althen,Member,N/A,PN2581,Pending,8/30/2024,8/30/2024,"Received in the Senate and referred to the Committee on Health, Education, Labor, and Pensions.",11/13/2018,11/13/2018,William I. Althen,
Federal Mine Safety and Health Review Commission,FMSHRC,Arthur R. Traynor III,Member,N/A,PN2583,Pending,8/30/2024,8/30/2024,"Received in the Senate and referred to the Committee on Health, Education, Labor, and Pensions.",11/13/2018,11/13/2018,Robert F. Cohen,
Federal Mine Safety and Health Review Commission,FMSHRC,Michael G. Young,Chair,N/A,PN55,Current,8/30/2020,8/30/2020,Confirmed by the Senate by Voice Vote.,3/27/2015,1/8/2015,Michael G. Young,
Federal Mine Safety and Health Review Commission,FMSHRC,Mary Lu Jordan,Member,N/A,PN54,Current,8/30/2020,8/30/2020,Confirmed by the Senate by Voice Vote.,3/27/2015,1/8/2015,Mary Lu Jordan,
Federal Mine Safety and Health Review Commission,FMSHRC,Vacant,Member,N/A,PN1389,Vacant,8/30/2022,8/30/2022,Placed on Senate Executive Calendar. Calendar No. 727. Subject to nominee's commitment to respond to requests to appear and testify before any duly constituted committee of the Senate.,3/14/2018,1/8/2018,Patrick K. Nakamura,
Federal Mine Safety and Health Review Commission,FMSHRC,Vacant,Member,N/A,PN2581,Vacant,8/30/2024,8/30/2024,"Received in the Senate and referred to the Committee on Health, Education, Labor, and Pensions.",11/13/2018,11/13/2018,William I. Althen,
Federal Mine Safety and Health Review Commission,FMSHRC,Vacant,Member,N/A,PN2583,Vacant,8/30/2024,8/30/2024,"Received in the Senate and referred to the Committee on Health, Education, Labor, and Pensions.",11/13/2018,11/13/2018,Robert F. Cohen,
Federal Reserve System Board of Governors,FRB,Marvin Goodfriend,Member,N/A,PN1348,Pending,2/1/1930,STO,Placed on Senate Executive Calendar. Calendar No. 669. Subject to nominee's commitment to respond to requests to appear and testify before any duly constituted committee of the Senate.,2/8/2018,1/8/2018,Sarah Bloom Raskin,
Federal Reserve System Board of Governors,FRB,Jean Nellie Liang,Member,N/A,PN2543,Pending,2/1/2024,STO,"Received in the Senate and referred to the Committee on Banking, Housing, and Urban Affairs.",9/28/2018,9/28/2018,Janet L. Yellen,
Federal Reserve System Board of Governors,FRB,Jerome H. Powell,Chair,N/A,PN1353,Current,1/31/2028,STO,Confirmed by the Senate by Yea-Nay Vote. 84 - 13. Record Vote Number: 19.,1/23/2018,1/8/2018,Janet L. Yellen,
Federal Reserve System Board of Governors,FRB,Richard Clarida,Vice Chair,N/A,PN1862,Current,2/21/2022,STO,Confirmed by the Senate by Voice Vote.,8/28/2018,4/24/2018,Daniel K. Tarullo,
Federal Reserve System Board of Governors,FRB,Randal Quarles,Vice Chair,N/A,PN736,Current,2/1/1932,STO,Confirmed by the Senate by Voice Vote.,10/5/2017,7/11/2017,New Position,
Federal Reserve System Board of Governors,FRB,Lael Brainard,Member,N/A,PN1344,Current,7/31/2026,STO,Confirmed by the Senate by Yea-Nay Vote. 61 - 31. Record Vote Number: 189.,6/12/2014,1/13/2014,Elizabeth A. Duke,
Federal Reserve System Board of Governors,FRB,Vacant,Member,N/A,PN1348,Vacant,2/1/1930,STO,Placed on Senate Executive Calendar. Calendar No. 669. Subject to nominee's commitment to respond to requests to appear and testify before any duly constituted committee of the Senate.,2/8/2018,1/8/2018,Sarah Bloom Raskin,
Federal Reserve System Board of Governors,FRB,Vacant,Member,N/A,PN2543,Vacant,2/1/2024,STO,"Received in the Senate and referred to the Committee on Banking, Housing, and Urban Affairs.",9/28/2018,9/28/2018,Janet L. Yellen,
Federal Reserve System Board of Governors,FRB,Michelle Bowman,Member,N/A,PN1860,Current,2/1/2020,STO,Confirmed by the Senate by Yea-Nay Vote. 64 - 34. Record Vote Number: 244.,11/15/2018,4/24/2018,Stanley Fischer,
Federal Retirement Thrift Investment Board,FRTIB,Michael Kennedy,Chair,Republican,PN38,Expired,9/25/2018,STO,Confirmed by the Senate by Voice Vote.,3/27/2015,1/8/2015,Michael Kennedy,
Federal Retirement Thrift Investment Board,FRTIB,Ronald McCray,Member,Democrat,PN603,Expired,9/25/2016,STO,Confirmed by the Senate by Voice Vote.,11/18/2011,5/26/2011,Ronald McCray,https://voterrecords.com/voter/46003282/ronald-mccray
Federal Retirement Thrift Investment Board,FRTIB,David Avren Jones,Member,Democrat,PN39,Expired,10/11/2018,STO,Confirmed by the Senate by Voice Vote.,3/27/2015,1/8/2015,David Avren Jones,
Federal Retirement Thrift Investment Board,FRTIB,William (Bill) Jasien,Member,Republican,PN380,Expired,10/11/2015,STO,Confirmed by the Senate by Voice Vote.,6/27/2013,4/25/2013,Terrence A. Duffy,
Federal Retirement Thrift Investment Board,FRTIB,Dana K. Bilyeu,Member,Republican,PN891,Expired,10/11/2015,STO,Confirmed by the Senate by Voice Vote.,11/18/2011,9/6/2011,Dana K. Bilyeu,
Federal Trade Commission,FTC,Joseph J. Simons,Chair,Republican,PN1533,Current,9/25/2024,STO,Confirmed by the Senate by Voice Vote.,4/26/2018,1/25/2018,Terrell McSweeny,
Federal Trade Commission,FTC,Rohit Chopra,Commissioner,Democrat,PN1531,Current,9/26/2019,STO,Confirmed by the Senate by Voice Vote.,4/26/2018,1/25/2018,Joshua D. Wright,
Federal Trade Commission,FTC,Rebecca Kelly Slaughter,Commissioner,Democrat,PN1765,Current,9/26/2022,STO,Confirmed by the Senate by Voice Vote.,4/26/2018,4/9/2018,Edith Ramirez,
Federal Trade Commission,FTC,Christine S. Wilson,Commissioner,Republican,PN1535,Current,9/25/2025,STO,Confirmed by the Senate by Voice Vote.,4/26/2018,1/25/2018,Christine S. Wilson,
Federal Trade Commission,FTC,Noah Joshua Phillips,Commissioner,Republican,PN1532,Current,9/25/2023,STO,Confirmed by the Senate by Voice Vote.,4/26/2018,1/25/2018,Julie Simone Brill,
Foreign Claims Settlement Commission,FCSC,Vacant,Chair,N/A,,Vacant,,,,,,,
Foreign Claims Settlement Commission,FCSC,Sylvia M. Becker,Member,N/A,PN52,Expired,9/30/2016,STO,Confirmed by the Senate by Voice Vote.,6/27/2013,1/22/2013,Sylvia M. Becker,
Foreign Claims Settlement Commission,FCSC,Patrick Hovakimian,Member,N/A,PN1549,Current,9/30/2020,STO,Confirmed by the Senate by Voice Vote.,5/10/2018,2/5/2018,Anuj Chang Desai,
Merit Systems Protection Board,MSPB,Julia Akins Clark,Member,Democrat,PN2173,Pending,3/21/2021,3/21/2022,Committee on Homeland Security and Governmental Affairs. Hearings held.,7/19/2018,6/20/2018,Anne Marie Wagner,https://federalnewsnetwork.com/your-job/2018/03/trump-names-long-awaited-second-member-to-mspb/
Merit Systems Protection Board,MSPB,Andrew F. Maunz,Vice Chair,Republican,PN1717,Pending,3/1/2025,3/1/2026,Committee on Homeland Security and Governmental Affairs. Hearings held.,7/19/2018,3/12/2018,Mark A. Robbins,https://federalnewsnetwork.com/your-job/2018/03/trump-names-long-awaited-second-member-to-mspb/
Merit Systems Protection Board,MSPB,Dennis Kirk,Chair,Republican,PN1715,Pending,3/1/2023,3/1/2024,Committee on Homeland Security and Governmental Affairs. Hearings held.,7/19/2018,3/12/2018,Susan Tsui Grundmann,https://federalnewsnetwork.com/your-job/2018/03/trump-names-long-awaited-second-member-to-mspb/
Merit Systems Protection Board,MSPB,Mark A. Robbins,Acting Chair,Republican,PN1175,Expired,3/1/2018,3/1/2019,Confirmed by the Senate by Voice Vote.,4/26/2012,12/5/2011,Mary M. Rose,
Merit Systems Protection Board,MSPB,Vacant,Member,Democrat,PN2173,Vacant,3/21/2021,3/21/2022,Committee on Homeland Security and Governmental Affairs. Hearings held.,7/19/2018,6/20/2018,Anne Marie Wagner,https://federalnewsnetwork.com/your-job/2018/03/trump-names-long-awaited-second-member-to-mspb/
Merit Systems Protection Board,MSPB,Vacant,Member,Republican,PN1715,Vacant,3/1/2023,3/1/2024,Committee on Homeland Security and Governmental Affairs. Hearings held.,7/19/2018,3/12/2018,Susan Tsui Grundmann,https://federalnewsnetwork.com/your-job/2018/03/trump-names-long-awaited-second-member-to-mspb/
National Aeronautics and Space Administration,NASA,Jim Bridenstine,Administrator,Republican,PN1359,Current,,,Confirmed by the Senate by Yea-Nay Vote. 50 - 49. Record Vote Number: 80.,4/19/2018,1/8/2018,"Charles F. Bolden, Jr.",
National Aeronautics and Space Administration,NASA,Jim Morhard,Deputy Administrator,Republican,PN2264,Current,,,Confirmed by the Senate by Voice Vote.,10/11/2018,7/17/2018,Dava J. Newman,https://qz.com/1321829/nasas-next-deputy-administrator-will-donald-trump-choose-james-morhard-or-janet-kavandi-to-backstop-jim-bridenstine/
National Credit Union Administration,NCUA,Rodney Hood,Member,Democrat,PN2169,Pending,8/2/2023,STO,"Received in the Senate and referred to the Committee on Banking, Housing, and Urban Affairs",6/20/2018,6/20/2018,Richard Metsger,
National Credit Union Administration,NCUA,J. Mark McWatters,Chair,Republican,PN1292,Current,8/2/2019,STO,Confirmed by the Senate by Voice Vote.,6/19/2014,1/7/2014,Michael E. Fryzel,
National Credit Union Administration,NCUA,Richard Metsger,Member,Democrat,PN425,Expired,8/2/2017,STO,Confirmed by the Senate by Voice Vote.,8/1/2013,5/16/2013,Gigi Hyland,
National Credit Union Administration,NCUA,Vacant,Member,Republican,,Vacant,,,,,,,
National Indian Gaming Commission,NIGC,Jonodev Osceola Chaudhuri,Chair,Republican,PN59,Expired,4/1/2018,STO,Confirmed by the Senate by Voice Vote.,4/16/2015,1/8/2015,Tracie Stevens,
National Indian Gaming Commission,NIGC,Kathryn Isom-Clause,Commissioner,Democrat,None found,Current,3/14/2019,STO,,,,,
National Indian Gaming Commission,NIGC,E. Sequoyah Simermeyer (Coharie),Commissioner,,None found,Expired,11/2/2018,STO,,,,,
National Labor Relations Board,NLRB,Mark Gaston Pearce,Member,Democrat,PN2475,Pending,8/27/2023,8/27/2023,"Received in the Senate and referred to the Committee on Health, Education, Labor, and Pensions.",8/28/2018,8/28/2018,Mark Gaston Pearce,
National Labor Relations Board,NLRB,John F. Ring,Chair,Republican,PN1443,Current,12/16/2022,12/16/2022,Confirmed by the Senate by Yea-Nay Vote. 50 - 48. Record Vote Number: 67.,4/11/2018,1/18/2018,Philip Andrew Miscimarra,
National Labor Relations Board,NLRB,Lauren McFerran,Member,Democrat,PN2124,Current,12/16/2019,12/16/2019,Confirmed by the Senate by Yea-Nay Vote. 54 - 40. Record Vote Number: 317.,12/8/2014,11/12/2014,Nancy Jean Schiffer,
National Labor Relations Board,NLRB,Vacant,Member,Democrat,PN2475,Vacant,8/27/2023,8/27/2023,"Received in the Senate and referred to the Committee on Health, Education, Labor, and Pensions.",8/28/2018,8/28/2018,Mark Gaston Pearce,
National Labor Relations Board,NLRB,William J. Emanuel,Member,Republican,PN725,Current,8/27/2021,8/27/2021,Confirmed by the Senate by Yea-Nay Vote. 49 - 47. Record Vote Number: 203.,9/25/2017,6/29/2017,Kent Yoshiho Hirozawa,
National Labor Relations Board,NLRB,Marvin E. Kaplan,Member,Republican,PN681,Current,8/27/2020,8/27/2020,Confirmed by the Senate by Yea-Nay Vote. 50 - 48. Record Vote Number: 184.,8/2/2017,6/20/2017,Harry I. Johnson III,
National Mediation Board,NMB,Kyle Fortson,Chair,Republican,PN694,Current,7/1/2019,STO,Confirmed by the Senate by Voice Vote.,11/2/2017,6/26/2017,Nicholas Christopher Geale,
National Mediation Board,NMB,Linda Puchala,Member,Democrat,PN1042,Expired,7/1/2018,STO,Confirmed by the Senate by Voice Vote.,11/2/2017,9/28/2017,Linda Puchala,
National Mediation Board,NMB,Gerald W. Fauth III,Member,Republican,PN726,Current,7/1/2020,STO,Confirmed by the Senate by Voice Vote.,11/2/2017,6/29/2017,Harry R. Hoglander,
National Transportation Safety Board,NTSB,Robert L. Sumwalt,Chair,Republican,PN717,Current,12/31/2021,STO,Confirmed by the Senate by Voice Vote.,8/3/2017,6/29/2017,Christopher A. Hart,
National Transportation Safety Board,NTSB,Bruce Landsberg,Member,Democrat,PN1032,Current,12/31/2022,STO,Confirmed by the Senate by Voice Vote.,7/24/2018,9/28/2017,Christopher A. Hart,
National Transportation Safety Board,NTSB,Tho Bella Dinh-Zarr,Member,Democrat,PN42,Current,12/31/2018,STO,Confirmed by the Senate by Voice Vote.,3/12/2015,1/8/2015,Deborah Hersman,
National Transportation Safety Board,NTSB,Earl F. Weener,Member,Republican,PN1863,Expired,12/31/2015,STO,Confirmed by the Senate by Voice Vote.,6/22/2010,6/14/2010,Earl F. Weener,
National Transportation Safety Board,NTSB,Jennifer L. Homendy,Member,Democrat,PN1820,Current,12/19/2019,STO,Confirmed by the Senate by Voice Vote.,7/24/2018,4/12/2018,Mark R. Rosekind,
Nuclear Regulatory Commission,NRC,Kristine L. Svinicki,Chair,Republican,PN561,Current,6/30/2022,6/30/2022,Confirmed by the Senate by Yea-Nay Vote. 88 - 9. Record Vote Number: 154.,6/26/2017,6/6/2017,Kristine L. Svinicki,
Nuclear Regulatory Commission,NRC,Jeffery Baran,Commissioner,Democrat,PN900,Current,6/30/2023,6/30/2023,Confirmed by the Senate by Voice Vote.,5/24/2018,9/5/2017,Jeffery Baran,
Nuclear Regulatory Commission,NRC,Stephen G. Burns,Commissioner,Democrat,PN1931,Current,6/30/2019,6/30/2019,Confirmed by the Senate by Yea-Nay Vote. 60 - 40. Record Vote Number: 266.,9/16/2014,7/23/2014,George Apostolakis,
Nuclear Regulatory Commission,NRC,Annie Caputo,Commissioner,Republican,PN560,Current,6/30/2021,6/30/2021,Confirmed by the Senate by Voice Vote.,5/24/2018,6/6/2017,William Charles Ostendorff,
Nuclear Regulatory Commission,NRC,David A. Wright,Commissioner,Republican,PN562,Current,6/30/2020,6/30/2020,Confirmed by the Senate by Voice Vote.,5/24/2018,6/6/2017,Jeffery Baran,
Occupational Safety and Health Review Commission,OSHRC,Heather L. MacDougall,Chair,N/A,PN521,Current,4/27/2023,4/27/2023,Confirmed by the Senate by Voice Vote.,8/3/2017,5/25/2017,Heather L. MacDougall,
Occupational Safety and Health Review Commission,OSHRC,Cynthia L. Attwood,Commissioner,N/A,PN244,Current,4/27/2019,4/27/2019,Confirmed by the Senate by Voice Vote.,8/1/2013,3/21/2013,Cynthia L. Attwood,
Occupational Safety and Health Review Commission,OSHRC,James J. Sullivan Jr.,Commissioner,N/A,PN463,Current,4/27/2021,4/27/2021,Confirmed by the Senate by Voice Vote.,8/3/2017,5/16/2017,Thomasina Rogers,
Postal Regulatory Commission,PRC,Michael Kubayanda,Commissioner,Democrat,PN2113,Pending,11/22/2020,11/22/2021,Placed on Senate Executive Calendar. Calendar No. 1145. Subject to nominee's commitment to respond to requests to appear and testify before any duly constituted committee of the Senate.,11/14/2018,6/11/2018,Ruth Y. Goldway,
Postal Regulatory Commission,PRC,Robert G. Taub,Chair,Republican,PN1744,Current,10/14/2022,10/14/2023,Confirmed by the Senate by Voice Vote.,12/10/2016,9/12/2016,Robert G. Taub,
Postal Regulatory Commission,PRC,Nanci E. Langley,Commissioner,Democrat,PN1174,Current,11/22/2018,11/22/2019,Confirmed by the Senate by Voice Vote.,12/9/2014,1/6/2014,Nanci E. Langley,
Postal Regulatory Commission,PRC,Vacant,Commissioner,Democrat,PN2113,Vacant,11/22/2020,11/22/2021,,,,,
Postal Regulatory Commission,PRC,Tony Hammond,Commissioner,Republican,PN1171,Expired,10/14/2018,10/14/2019,Confirmed by the Senate by Voice Vote.,12/9/2014,1/6/2014,Tony Hammond,
Postal Regulatory Commission,PRC,Mark Acton,Commissioner,Republican,PN1548,Current,10/14/2022,10/14/2023,Confirmed by the Senate by Voice Vote.,12/10/2016,6/16/2016,Mark Acton,
Privacy and Civil Liberties Oversight Board,PCLOB,Travis LeBlanc,Member,Democrat,PN2399,Pending,1/29/2022,STO,Received in the Senate and referred to the Committee on the Judiciary.,8/16/2018,8/16/2018,James Xavier Dempsey,https://www.brookings.edu/blog/techtank/2018/08/27/its-time-for-the-senate-to-act-on-privacy-board-nominations/
Privacy and Civil Liberties Oversight Board,PCLOB,Aditya Bamzai,Member,Republican,PN2398,Pending,1/29/2020,STO,Received in the Senate and referred to the Committee on the Judiciary.,8/16/2018,8/16/2018,Elisebeth Collins Cook,https://www.brookings.edu/blog/techtank/2018/08/27/its-time-for-the-senate-to-act-on-privacy-board-nominations/
Privacy and Civil Liberties Oversight Board,PCLOB,Adam I. Klein,Chair and Member,Republican,PN928,Pending,1/29/2018,STO,Received in the Senate and referred to the Committee on the Judiciary.,9/5/2017,9/5/2017,David Medine,
Privacy and Civil Liberties Oversight Board,PCLOB,Vacant,Chair,Republican,PN928,Vacant,1/29/2018,STO,Received in the Senate and referred to the Committee on the Judiciary.,9/5/2017,9/5/2017,David Medine,
Privacy and Civil Liberties Oversight Board,PCLOB,Jane Nitze,Member,Democrat,PN1752,Current,1/29/2023,STO,Confirmed by the Senate by Voice Vote.,10/11/2018,3/19/2018,Rachel L. Brand,"""Not as progressive as you'd think"", former Gorsuch clerk: https://abovethelaw.com/2017/02/liberals-and-gays-for-gorsuch-or-the-virtues-of-non-ideological-clerk-hiring/"
Privacy and Civil Liberties Oversight Board,PCLOB,Vacant,Member,Democrat,PN2399,Vacant,1/29/2022,STO,Received in the Senate and referred to the Committee on the Judiciary.,8/16/2018,8/16/2018,James Xavier Dempsey,
Privacy and Civil Liberties Oversight Board,PCLOB,Elisebeth Collins Cook,Member,Republican,PN1245,Current,1/29/2020,STO,Confirmed by the Senate by Voice Vote.,5/21/2014,1/6/2014,Elisebeth Collins Cook,
Privacy and Civil Liberties Oversight Board,PCLOB,Vacant,Member,Republican,,Vacant,,,,,,,
Railroad Retirement Board,RRB,Erhard R. Chorle,Member,N/A,PN2352,Pending,8/28/2022,STO,Placed on Senate Executive Calendar. Calendar No. 1192. Subject to nominee's commitment to respond to requests to appear and testify before any duly constituted committee of the Senate.,11/29/2018,7/31/2018,Michael Schwartz,
Railroad Retirement Board,RRB,Vacant,Chair,N/A,,Vacant,,,,,,,
Railroad Retirement Board,RRB,Walter A. Barrows,Member,N/A,PN290,Expired,4/28/2014,STO,Confirmed by the Senate by Voice Vote.,9/26/2011,3/2/2011,"Virgil M. Speakman, Jr.",
Railroad Retirement Board,RRB,Steven J. Anthony,Member,N/A,PN1165,Expired,4/28/2018,STO,Confirmed by the Senate by Voice Vote.,4/9/2014,1/6/2014,Jerome F. Kever,
Securities and Exchange Commission,SEC,Allison Lee,Commissioner,Democrat,,Pending,,,Pending Presidential nomination,,,Kara M. Stein,
Securities and Exchange Commission,SEC,Jay Clayton,Chair,Republican,PN47,Current,6/25/2021,12/25/2022,Confirmed by the Senate by Yea-Nay Vote. 61 - 37. Record Vote Number: 118.,5/2/2017,1/20/2017,"Daniel M. Gallagher, Jr.",
Securities and Exchange Commission,SEC,Kara M. Stein,Commissioner,Democrat,PN497,Expired,6/5/2017,12/5/2018,Confirmed by the Senate by Voice Vote.,8/1/2013,5/23/2013,Elisse Walter,
Securities and Exchange Commission,SEC,Robert J. Jackson Jr.,Commissioner,Democrat,PN894,Current,6/5/2019,12/5/2020,Confirmed by the Senate by Voice Vote.,12/21/2017,9/5/2017,Mary Jo White,
Securities and Exchange Commission,SEC,Hester M. Peirce,Commissioner,Republican,PN783,Current,6/5/2020,12/5/2021,Confirmed by the Senate by Voice Vote.,12/21/2017,7/19/2017,Luis Aguilar,
Securities and Exchange Commission,SEC,Elad Roisman,Commissioner,Republican,PN2047,Current,6/5/2023,12/5/2024,Confirmed by the Senate by Yea-Nay Vote. 85 - 14. Record Vote Number: 202.,9/5/2018,6/4/2018,Michael Sean Piwowar,
Surface Transportation Board,STB,Martin J. Oberman,Member,Democrat,PN2265,Pending,12/31/2018,12/31/2019,Placed on Senate Executive Calendar. Calendar No. 1044. Subject to nominee's commitment to respond to requests to appear and testify before any duly constituted committee of the Senate.,8/1/2018,7/17/2018,Dan Elliott,https://www.railwayage.com/freight/chicago-attorney-latest-stb-nominee/
Surface Transportation Board,STB,Martin J. Oberman,Member,Democrat,PN2266,Pending,12/31/2023,12/31/2024,Placed on Senate Executive Calendar. Calendar No. 1044. Subject to nominee's commitment to respond to requests to appear and testify before any duly constituted committee of the Senate.,8/1/2018,7/17/2018,Martin J. Oberman,
Surface Transportation Board,STB,Patrick J. Fuchs,Member,Republican,PN1678,Pending,5 years,6 years,Placed on Senate Executive Calendar. Calendar No. 823. Subject to nominee's commitment to respond to requests to appear and testify before any duly constituted committee of the Senate.,4/25/2018,3/6/2018,New Position,https://www.railwayage.com/freight/chicago-attorney-latest-stb-nominee/
Surface Transportation Board,STB,Michelle A. Schultz,Member,Republican,PN1679,Pending,5 years,6 years,Placed on Senate Executive Calendar. Calendar No. 824. Subject to nominee's commitment to respond to requests to appear and testify before any duly constituted committee of the Senate.,4/25/2018,3/6/2018,New Position,https://www.railwayage.com/freight/chicago-attorney-latest-stb-nominee/
Surface Transportation Board,STB,Ann D. Begeman,Chair,Republican,PN1930,Current,12/31/2020,12/31/2021,Confirmed by the Senate by Voice Vote.,4/14/2011,1/5/2011,Charles D. Nottingham,
Surface Transportation Board,STB,Debra Miller,Member,Democrat,PN1062,Expired,12/31/2017,12/31/2018,Confirmed by the Senate by Voice Vote.,4/9/2014,1/6/2014,Francis Mulvey,
Surface Transportation Board,STB,Vacant,Member,Democrat,PN2265,Vacant,12/31/2018,12/31/2019,Placed on Senate Executive Calendar. Calendar No. 1044. Subject to nominee's commitment to respond to requests to appear and testify before any duly constituted committee of the Senate.,8/1/2018,7/17/2018,Dan Elliott,https://www.railwayage.com/freight/chicago-attorney-latest-stb-nominee/
Surface Transportation Board,STB,Vacant,Member,Republican,PN1678,Vacant,5 years,6 years,Placed on Senate Executive Calendar. Calendar No. 823. Subject to nominee's commitment to respond to requests to appear and testify before any duly constituted committee of the Senate.,4/25/2018,3/6/2018,New Position,https://www.railwayage.com/freight/chicago-attorney-latest-stb-nominee/
Surface Transportation Board,STB,Vacant,Member,Republican,PN1679,Vacant,5 years,6 years,Placed on Senate Executive Calendar. Calendar No. 824. Subject to nominee's commitment to respond to requests to appear and testify before any duly constituted committee of the Senate.,4/25/2018,3/6/2018,New Position,https://www.railwayage.com/freight/chicago-attorney-latest-stb-nominee/
United States Agency for Global Media (prev. Broadcast Board of Governors),USAGM,Michael Pack,Chief Executive Officer,Republican,PN2052,Pending,3 years,,Received in the Senate and referred to the Committee on Foreign Relations.,6/4/2018,6/4/2018,New Position,
United States Agency for Global Media (prev. Broadcast Board of Governors),USAGM,Kenneth Weinstein,,Republican,PN756,Expired,8/13/2016,STO,Confirmed by the Senate by Voice Vote.,9/23/2013,7/31/2013,Dennis Mulhaupt,
United States Agency for Global Media (prev. Broadcast Board of Governors),USAGM,Jeffrey Shell,Member,Democrat,"PN44, PN43",Expired,8/13/2015,STO,Confirmed by the Senate by Voice Vote.,8/1/2013,1/22/2013,Walter Isaacson,
United States Agency for Global Media (prev. Broadcast Board of Governors),USAGM,Karen Kornbluh,Member,Democrat,PN1498,Expired,8/13/2016,STO,Confirmed by the Senate by Voice Vote.,12/16/2014,2/27/2014,Michael P. Meehan,
United States Agency for Global Media (prev. Broadcast Board of Governors),USAGM,Michael Kempner,Member,Democrat,PN1313,Expired,8/13/2015,STO,Confirmed by the Senate by Voice Vote.,12/12/2014,1/9/2014,Michael Lynton,
United States Agency for Global Media (prev. Broadcast Board of Governors),USAGM,Vacant,Member,Democrat,,Vacant,,,,,,,
United States Agency for Global Media (prev. Broadcast Board of Governors),USAGM,Leon Aron,Member,Republican,PN2097,Expired,8/13/2016,STO,Confirmed by the Senate by Voice Vote.,12/12/2014,11/12/2014,S. Enders Wimbush,
United States Agency for Global Media (prev. Broadcast Board of Governors),USAGM,Ryan Crocker,Member,Republican,PN420,Expired,8/13/2016,STO,Confirmed by the Senate by Voice Vote.,8/1/2013,5/13/2013,Ryan Crocker,
United States Agency for Global Media (prev. Broadcast Board of Governors),USAGM,Vacant,Member,Republican,,Vacant,,,,,,,
United States International Trade Commission,USITC,Amy Karpel,Member,Democrat,PN1654,Pending,6/16/2020,STO,Committee on Finance. Hearings held.,6/12/2018,2/27/2018,F. Scott Kieff,
United States International Trade Commission,USITC,Randolph J. Stayin,Member,Republican,PN1059,Pending,6/16/2026,STO,Committee on Finance. Hearings held.,6/12/2018,10/2/2017,Meredith M. Broadbent,
United States International Trade Commission,USITC,Dennis M. Devaney,Member,Democrat,PN1058,Pending,6/16/2023,STO,Received in the Senate and referred to the Committee on Finance.,10/2/2017,10/2/2017,Irving A. Williamson,
United States International Trade Commission,USITC,David S. Johanson,Chair,Republican,PN411,Current,12/16/2018,STO,Confirmed by the Senate by Voice Vote.,10/31/2011,4/8/2011,Charlotte A. Lane,
United States International Trade Commission,USITC,Irving A. Williamson,Member,Democrat,PN57,Expired,6/14/2014,STO,Confirmed by the Senate by Voice Vote.,2/1/2007,1/9/2007,Stephen Koplan,
United States International Trade Commission,USITC,Rhonda K. Schmidtlein,Member,Democrat,PN1092,Current,12/16/2021,STO,Confirmed by the Senate by Voice Vote.,3/6/2014,1/6/2014,Shara L. Aranoff,
United States International Trade Commission,USITC,Meredith M. Broadbent,Member,Republican,PN1108,Expired,6/16/2017,STO,Confirmed by the Senate by Voice Vote.,8/2/2012,11/8/2011,Deanna Tanner Okun,
United States International Trade Commission,USITC,Jason E. Kearns,Member,Republican,PN720,Current,12/16/2024,STO,Confirmed by the Senate by Voice Vote.,3/1/2018,6/29/2017,Dean A. Pinkert,
United States International Trade Commission,USITC,Vacant,Member,Democrat,PN1654,Vacant,6/16/2020,STO,Committee on Finance. Hearings held.,6/12/2018,2/27/2018,F. Scott Kieff,
United States Parole Commission,USPC,Monica David Morris,Commissioner,N/A,PN2550,Pending,6 years,STO,Received in the Senate and referred to the Committee on the Judiciary.,9/28/2018,9/28/2018,J. Patricia Wilson Smoot,
United States Parole Commission,USPC,Virgil Madden,Commissioner,N/A,PN2549,Pending,6 years,STO,Received in the Senate and referred to the Committee on the Judiciary.,9/28/2018,9/28/2018,Patricia Cushwa,
United States Parole Commission,USPC,Vacant,Chair,N/A,,Vacant,,,,,,,
United States Parole Commission,USPC,Patricia K. Cushwa,Vice Chair,N/A,PN2050,Expired,12/11/2010,STO,Confirmed by the Senate by Voice Vote.,11/21/2004,11/16/2004,Janie L. Jeffers,
United States Parole Commission,USPC,Charles T. Massarone,Commissioner,N/A,PN586,Expired,8/16/2018,STO,Confirmed by the Senate by Voice Vote.,5/24/2012,5/23/2011,"Edward F. Reilly, Jr.",
United States Parole Commission,USPC,Vacant,Commissioner,N/A,PN2550,Vacant,6 years,STO,Received in the Senate and referred to the Committee on the Judiciary.,9/28/2018,9/28/2018,J. Patricia Wilson Smoot,
United States Parole Commission,USPC,Vacant,Commissioner,N/A,,Vacant,,,,,,,
United States Postal Service,USPS,Robert M. Duncan,Governor,Republican,PN1189,Pending,12/8/2025,,Placed on Senate Executive Calendar. Calendar No. 833. Subject to nominee's commitment to respond to requests to appear and testify before any duly constituted committee of the Senate.,5/7/2018,10/30/2017,Robert M. Duncan,
United States Postal Service,USPS,Calvin R. Tucker,Governor,Republican,PN1190,Pending,12/8/2023,,Committee on Homeland Security and Governmental Affairs. Hearings held.,4/18/2018,10/30/2017,Carolyn L. Gallagher,
United States Postal Service,USPS,Ron A. Bloom,Governor,Democrat,PN2480,Pending,12/8/2020,,Received in the Senate and referred to the Committee on Homeland Security and Governmental Affairs.,9/6/2018,9/6/2018,Mickey D. Barnett,
United States Postal Service,USPS,Roman Martinez IV,Governor,Republican,PN2481,Pending,12/8/2024,,Received in the Senate and referred to the Committee on Homeland Security and Governmental Affairs.,9/6/2018,9/6/2018,James C. Miller III,
United States Postal Service,USPS,Megan J. Brennan,Postmaster General,,,Current,,,,,,,
United States Postal Service,USPS,Ronald A. Stroman,Deputy Postmaster General,,,Current,,,,,,,
United States Postal Service,USPS,Robert M. Duncan,Chair,Republican,PN1188,Current,12/8/2018,,Confirmed by the Senate by Voice Vote.,8/28/2018,10/30/2017,"Thurgood Marshall, Jr.",
United States Postal Service,USPS,David Williams,Vice Chair,Democrat,PN1191,Current,12/8/2019,,Confirmed by the Senate by Voice Vote.,8/28/2018,10/30/2017,Dennis J. Toner,https://www.nalc.org/news/nalc-updates/usps-board-of-governors-activity-in-senate-and-white-house
United States Postal Service,USPS,Vacant,Governor,Democrat,PN2480,Vacant,12/8/2020,,Received in the Senate and referred to the Committee on Homeland Security and Governmental Affairs.,9/6/2018,9/6/2018,Mickey D. Barnett,
United States Postal Service,USPS,Vacant,Governor,Democrat,,Vacant,,,,,,,
United States Postal Service,USPS,Vacant,Governor,Democrat,,Vacant,,,,,,,
United States Postal Service,USPS,Vacant,Governor,Republican,PN1190,Vacant,12/8/2023,,Committee on Homeland Security and Governmental Affairs. Hearings held.,4/18/2018,10/30/2017,Carolyn L. Gallagher,
United States Postal Service,USPS,Vacant,Governor,Republican,PN2481,Vacant,12/8/2024,,Received in the Senate and referred to the Committee on Homeland Security and Governmental Affairs.,9/6/2018,9/6/2018,James C. Miller III,
United States Postal Service,USPS,Vacant,Governor,Republican,,Vacant,,,,,,,
United States Postal Service,USPS,Vacant,Governor,Republican,,Vacant,,,,,,,
United States Sentencing Commission,USSC,Luis Felipe Restrepo,Member,Democrat,PN1676,Pending,10/31/2019,"""may continue to serve until he or she is reappointed, a successor takes office, or Congress adjourns sine dieat the end of the session that commences after the expiration of the term, whichever is earlies""",Received in the Senate and referred to the Committee on the Judiciary.,3/1/2018,3/1/2018,Ketanji Brown Jackson,
United States Sentencing Commission,USSC,William Graham Otis,Member,Republican,PN1673,Pending,10/31/2021,"""may continue to serve until he or she is reappointed, a successor takes office, or Congress adjourns sine dieat the end of the session that commences after the expiration of the term, whichever is earlies""",Received in the Senate and referred to the Committee on the Judiciary.,3/1/2018,3/1/2018,Patti B. Saris,
United States Sentencing Commission,USSC,William H. Pryor Jr.,Chair,Republican,PN1675,Pending,10/31/2021,"""may continue to serve until he or she is reappointed, a successor takes office, or Congress adjourns sine dieat the end of the session that commences after the expiration of the term, whichever is earlies""",Received in the Senate and referred to the Committee on the Judiciary.,3/1/2018,3/1/2018,Patti B. Saris,
United States Sentencing Commission,USSC,William H. Pryor Jr.,Member,Republican,PN1674,Pending,10/31/2023,"""may continue to serve until he or she is reappointed, a successor takes office, or Congress adjourns sine dieat the end of the session that commences after the expiration of the term, whichever is earlies""",Received in the Senate and referred to the Committee on the Judiciary.,3/1/2018,3/1/2018,William H. Pryor Jr.,
United States Sentencing Commission,USSC,Henry E. Hudson,Member,Republican,PN1672,Pending,10/31/2021,"""may continue to serve until he or she is reappointed, a successor takes office, or Congress adjourns sine dieat the end of the session that commences after the expiration of the term, whichever is earlies""",Received in the Senate and referred to the Committee on the Judiciary.,3/1/2018,3/1/2018,Dabney L. Friedrich,
United States Sentencing Commission,USSC,William H. Pryor Jr.,Chair,Republican,PN324,Expired,10/31/2017,"""may continue to serve until he or she is reappointed, a successor takes office, or Congress adjourns sine dieat the end of the session that commences after the expiration of the term, whichever is earlies""",Confirmed by the Senate by Voice Vote.,6/6/2013,4/15/2013,"William B. Carr, Jr.",
United States Sentencing Commission,USSC,Charles R. Breyer,Vice Chair,Democrat,PN86,Current,10/31/2021,"""may continue to serve until he or she is reappointed, a successor takes office, or Congress adjourns sine dieat the end of the session that commences after the expiration of the term, whichever is earlies""",Confirmed by the Senate by Yea-Nay Vote. 98 - 0. Record Vote Number: 91,3/21/2017,3/1/2017,Charles R. Breyer,
United States Sentencing Commission,USSC,Rachel E. Barkow,Member,Democrat,PN322,Expired,10/31/2017,"""may continue to serve until he or she is reappointed, a successor takes office, or Congress adjourns sine dieat the end of the session that commences after the expiration of the term, whichever is earlies""",Confirmed by the Senate by Voice Vote.,6/6/2013,4/15/2013,Beryl A. Howell,
United States Sentencing Commission,USSC,Vacant,Member,Democrat,PN1676,Vacant,10/31/2019,"""may continue to serve until he or she is reappointed, a successor takes office, or Congress adjourns sine dieat the end of the session that commences after the expiration of the term, whichever is earlies""",Received in the Senate and referred to the Committee on the Judiciary.,3/1/2018,3/1/2018,Ketanji Brown Jackson,
United States Sentencing Commission,USSC,Danny C. Reeves,Member,Republican,PN85,Current,10/31/2019,"""may continue to serve until he or she is reappointed, a successor takes office, or Congress adjourns sine dieat the end of the session that commences after the expiration of the term, whichever is earlies""",Confirmed by the Senate by Yea-Nay Vote. 98 - 0. Record Vote Number: 91.,3/21/2017,3/1/2017,Ricardo H. Hinojosa,
United States Sentencing Commission,USSC,Vacant,Member,Republican,PN1673,Vacant,10/31/2021,"""may continue to serve until he or she is reappointed, a successor takes office, or Congress adjourns sine dieat the end of the session that commences after the expiration of the term, whichever is earlies""",Received in the Senate and referred to the Committee on the Judiciary.,3/1/2018,3/1/2018,Patti B. Saris,
United States Sentencing Commission,USSC,Vacant,Member,Republican,PN1672,Vacant,10/31/2021,"""may continue to serve until he or she is reappointed, a successor takes office, or Congress adjourns sine dieat the end of the session that commences after the expiration of the term, whichever is earlies""",Received in the Senate and referred to the Committee on the Judiciary.,3/1/2018,3/1/2018,Dabney L. Friedrich,
